use [roman.dubinin]

insert into [dbo].Regions
           (RegionNumber
           ,RegionName)
     values
		(4, 'Алтай'),
		(72, 'Тюменская обл.'),
		(77, 'Москва'),
		(76, 'Ярославская обл.'),
		(61, 'Ростовская обл'),
		(60, 'Псковская обл');
go


insert into [dbo].Cars
           (CarNumber
           ,ColorId
		   ,Brand
		   ,DriverId)
     values
		('A443TE', 3, 'Volvo', 1),
		('E573KA', 2, 'Lada', 6),
		('B837CX', 1, 'BMW', 3),
		('M832OT',3 , 'Skoda', 2),
		('M886MT', 5, 'Volvo', 5),
		('A734KH', 4, 'BMW', 2);
go


insert into [dbo].Colors
           (ColorId
           ,ColorName)
		values
			(1, 'синий'),
			(2, 'бордовый'),
			(3, 'бирюзовый'),
			(4, 'чёрный'),
			(5, 'зелёный');
go


insert into [dbo].Drivers
			(DriverId
			,DriverName)
		values
			(1, 'Иванов'),
			(2, 'Петров'),
			(3, 'Дмитриев'),
			(4, 'Епифанов'),
			(5, 'Унаев');
go


insert into [dbo].Observation
			(CarNumber
			,Direction
			,IntersectionTime
			,PostNumber)
		values
          ('A443TE', 'in', '12:10:33', 2),
          ('M886MT', 'out', '1:14:4', 1),
          ('M832OT', 'out', '8:38:43', 4),
          ('M832OT', 'out', '16:46:36', 1),
          ('A443TE', 'in', '11:54:51', 5),
          ('A443TE', 'out', '21:18:44', 5),
          ('M832OT', 'in', '12:59:29', 1),
          ('A734KH', 'in', '22:41:53', 5),
          ('M886MT', 'in', '15:12:41', 5),
          ('M886MT', 'in', '15:21:0', 2),
          ('M886MT', 'out', '2:9:7', 1),
          ('E573KA', 'in', '21:24:3', 2),
          ('E573KA', 'out', '11:34:49', 3),
          ('E573KA', 'in', '7:34:7', 4),
          ('E573KA', 'out', '6:56:30', 2),
          ('E573KA', 'in', '8:10:10', 4),
          ('A443TE', 'out', '2:49:25', 4),
          ('A443TE', 'in', '4:17:0', 1),
          ('B837CX', 'in', '13:14:6', 3),
          ('A443TE', 'in', '16:26:53', 2),
          ('M886MT', 'in', '16:32:6', 5),
          ('A734KH', 'in', '9:47:34', 1),
          ('E573KA', 'in', '1:38:32', 4),
          ('B837CX', 'out', '21:11:27', 2),
          ('M886MT', 'in', '3:50:9', 5),
          ('A734KH', 'out', '21:52:59', 1),
          ('A443TE', 'in', '6:21:19', 5),
          ('M886MT', 'out', '15:31:55', 4),
          ('B837CX', 'in', '17:57:58', 5),
          ('E573KA', 'out', '21:22:44', 1),
          ('M886MT', 'in', '20:28:49', 1),
          ('A443TE', 'in', '10:58:37', 1),
          ('B837CX', 'in', '15:54:30', 4),
          ('M832OT', 'in', '3:26:22', 4),
          ('E573KA', 'in', '14:58:33', 2),
          ('E573KA', 'out', '17:13:40', 1),
          ('A443TE', 'in', '20:38:23', 3),
          ('E573KA', 'in', '18:39:27', 5),
          ('E573KA', 'in', '3:7:42', 3),
          ('A734KH', 'in', '18:4:15', 4),
          ('B837CX', 'in', '20:3:46', 5),
          ('E573KA', 'in', '10:27:46', 2),
          ('A734KH', 'in', '21:38:11', 5),
          ('A443TE', 'out', '13:45:40', 1),
          ('E573KA', 'in', '22:16:20', 3),
          ('B837CX', 'in', '22:4:14', 2),
          ('M832OT', 'in', '17:45:20', 2),
          ('B837CX', 'out', '15:49:14', 4),
          ('M832OT', 'in', '1:52:2', 4),
          ('E573KA', 'out', '11:43:50', 4),
          ('A443TE', 'in', '22:1:2', 4),
          ('B837CX', 'out', '18:38:1', 5),
          ('E573KA', 'in', '5:21:21', 5),
          ('M832OT', 'in', '19:13:41', 1),
          ('B837CX', 'out', '0:14:50', 3),
          ('M886MT', 'out', '8:0:40', 2),
          ('E573KA', 'in', '19:55:26', 3),
          ('A734KH', 'out', '5:4:42', 4),
          ('B837CX', 'out', '6:39:13', 3),
          ('A734KH', 'out', '8:50:38', 3),
          ('M886MT', 'in', '23:11:53', 1),
          ('M832OT', 'in', '14:54:4', 1),
          ('A443TE', 'out', '22:22:19', 4),
          ('A734KH', 'in', '20:15:46', 5),
          ('E573KA', 'in', '16:54:6', 5),
          ('A734KH', 'in', '17:18:14', 2),
          ('B837CX', 'out', '1:6:26', 3),
          ('A443TE', 'out', '19:16:38', 4),
          ('B837CX', 'out', '12:36:58', 2),
          ('M832OT', 'in', '8:1:53', 5),
          ('B837CX', 'out', '1:45:56', 4),
          ('E573KA', 'out', '7:37:54', 4),
          ('M886MT', 'out', '20:18:5', 2),
          ('A443TE', 'in', '10:1:24', 3),
          ('E573KA', 'in', '10:22:39', 5),
          ('A734KH', 'in', '19:14:39', 4),
          ('B837CX', 'in', '14:10:59', 5),
          ('E573KA', 'out', '14:54:55', 2),
          ('B837CX', 'in', '7:7:53', 5),
          ('B837CX', 'in', '7:27:26', 3),
          ('E573KA', 'out', '1:31:40', 3),
          ('M886MT', 'in', '2:8:49', 4),
          ('M832OT', 'out', '0:31:42', 3),
          ('A734KH', 'in', '10:13:54', 2),
          ('B837CX', 'out', '13:57:53', 2),
          ('B837CX', 'in', '22:0:0', 1),
          ('A734KH', 'out', '4:9:6', 3),
          ('A443TE', 'in', '12:38:30', 5),
          ('M886MT', 'out', '16:45:28', 1),
          ('A443TE', 'out', '0:44:2', 5),
          ('A734KH', 'out', '13:50:42', 5),
          ('M886MT', 'out', '22:57:39', 5),
          ('B837CX', 'out', '7:56:5', 3),
          ('M886MT', 'out', '7:35:7', 1),
          ('M832OT', 'out', '12:54:51', 1),
          ('A443TE', 'in', '18:21:14', 2),
          ('A734KH', 'in', '14:42:53', 5),
          ('A443TE', 'out', '4:47:24', 4),
          ('M886MT', 'in', '20:25:56', 1),
          ('M832OT', 'in', '17:28:17', 1),